github_link_shuffled,researcher_1,researcher_2,agree,Final_label_researcher_3,open_coding_researcher_1,open_coding_researcher_2,open_coding_researcher_3,cron,cron_human,cron_simplified,type of triggers,branches,triggers,categories
https://github.com/ical4j/ical4j/blob/7295f036de400aa39b46d19f0a339ed0fa39c3a5/.github/workflows/codeql-analysis.yml,1,1,TRUE,1,"codeql, compile languages",Code Analysis,,20 13 * * 6,"At 01:20 PM, only on Saturday",Every week,combined,[],"['workflow_dispatch', 'repository_dispatch', 'push', 'pull_request', 'schedule']",codeql
https://github.com/linkchecker/linkchecker/blob/12e47c98776990dc93fe74a4095ece392ce87303/.github/workflows/build.yml,1,1,TRUE,1,"tests, build, lint",Create document File?,,0 5 * * 6,"At 05:00 AM, only on Saturday",Every week,combined,['check_tiny_models*'],"['push', 'repository_dispatch', 'schedule']",tests;build
https://github.com/cdk8s-team/cdk8s/blob/c350c79b8f172ed98f2c289311c3500600214ee7/.github/workflows/upgrade-compiler-dependencies.yml,?,?,FALSE,1,upgrades project dependencies,Create Pull request for update dependency,Update dependecy is CI,0 12 * * *,At 12:00 PM,Every day,combined,[],"['schedule', 'workflow_dispatch']",upgrade/install dependency
https://github.com/k8snetworkplumbingwg/sriov-network-device-plugin/blob/cb2802b33b4ce5e3fabc480dad0ea459b4d42adc/.github/workflows/codeql.yml,1,1,TRUE,1,"codeql, compile languages",Code Analysis,,37 4 * * 0,"At 04:37 AM, only on Sunday",Every week,combined,#N/A,#N/A,codeql
https://github.com/corda/corda/blob/3abb218bcab341515cbb216532445ed1a5de388a/.github/workflows/jira_close_issue.yml,0,0,TRUE,0,maintain jira issues (sync with closed),Close issue,,30 * * * *,At 30 minutes past the hour,Other,schedule,['main'],"['push', 'pull_request', 'schedule']",jira
https://github.com/pubstandards/pubstandards-london/blob/eff282cd198595abbbd1fdf58b22c1214b761eec/.github/workflows/build.yml,1,1,TRUE,1,build and deploy,test and deploy,,0 * * * *,Every hour,Every hour,combined,['master'],"['push', 'schedule']",build;deploy / release
https://github.com/RailsEventStore/rails_event_store/blob/1243ed332a0da74b19fe7f8207fd2798dbff9ba3/.github/workflows/ruby_event_store-browser_coverage.yml,?,1,FALSE,1,test coverage?,test,,0 17 * * *,At 05:00 PM,Every day,combined,['master'],"['push', 'pull_request', 'schedule']",tests
https://github.com/huggingface/transformers/blob/f40b87de0ca234df61f76928956c4a2118c0b548/.github/workflows/check_tiny_models.yml,1,1,TRUE,1,"tests, upload (deploy?) models",test,,0 2 * * *,At 02:00 AM,Every day,combined,['master'],"['push', 'pull_request', 'release', 'schedule']",tests;deploy / release
https://github.com/Netflix/photon/blob/d3005a2a03d2a9a4b10b45cbff36259116ab22cc/.github/workflows/update-gradle-wrapper.yml,1,1,TRUE,1,build project with gradle,Upgrade gradle,,0 0 * * *,At 12:00 AM,Every day,combined,[],"['repository_dispatch', 'workflow_dispatch', 'schedule']",upgrade/install dependency;build
https://github.com/nodejs/nodejs-ko/blob/ab14802dc2e7288bdc4353a24176dce2f4ba9dff/.github/workflows/label.yml,0,0,TRUE,0,maintain repo by auto labeling,Automatically label new pull requests ,,0 0 * * *,At 12:00 AM,Every day,schedule,#N/A,#N/A,gh labels
https://github.com/webextension-toolbox/webextension-toolbox/blob/1b6482f08afe56b337027b7f493ce5d209c61762/.github/workflows/codeql-analysis.yml,1,1,TRUE,1,"codeql, compile languages",Code Analysis,,45 7 * * 1,"At 07:45 AM, only on Monday",Every week,combined,['master'],"['push', 'pull_request', 'schedule']",codeql
https://github.com/yashaka/selene/blob/f1d46aa5466a909e13ee2c39105909c94f34bd8f/.github/workflows/traffic2badge.yml,0,0,TRUE,0,"does actions to maintain repo, specifically badge generation",deploy your static files to GitHub Pages.,,1 0 * * *,At 12:01 AM,Every day,combined,#N/A,#N/A,updates for website
https://github.com/stellar/java-stellar-sdk/blob/76b7f8e61ccd29db81586370ab89bbf0415cc47d/.github/workflows/codeql-analysis.yml,1,1,TRUE,1,"codeql, compile languages",Code Analysis,,27 5 * * 1,"At 05:27 AM, only on Monday",Every week,combined,[],"['workflow_dispatch', 'repository_dispatch', 'push', 'pull_request', 'schedule']",codeql
https://github.com/lchrusciel/ApiTestCase/blob/4711854d766488c1ea7dc86bbcfcb744032e70e5/.github/workflows/build.yml,1,1,TRUE,1,tests,test,,0 1 * * 6,"At 01:00 AM, only on Saturday",Every week,combined,[],"['workflow_dispatch', 'schedule']",tests
https://github.com/bureaucratic-labs/dostoevsky/blob/f63b82271912d7c779399c202b3c8297efe09af7/.github/workflows/links.yaml,1,?,FALSE,0,check code quality by identifying broken links,Create issue,Depends on project (e.g. if web then CI),00 18 * * *,At 06:00 PM,Every day,combined,[],"['workflow_dispatch', 'repository_dispatch', 'push', 'pull_request', 'schedule']",check links
https://github.com/rlogiacco/CircularBuffer/blob/b563a8d6966e4d922262013576c543ae8eeb192d/.github/workflows/stale.yml,0,0,TRUE,0,mark stale issues and pull requests,mark issue / pull request as stale,,30 1 * * *,At 01:30 AM,Every day,schedule,['main'],"['push', 'pull_request', 'schedule']",mark/close stale issue;mark/close stale pr
https://github.com/salsita/node-pg-migrate/blob/9331f6fda98795e3f3733461f9b71345168b99d8/.github/workflows/codeql-analysis.yml,1,1,TRUE,1,"codeql, compile languages",Code Analysis,,0 12 * * 6,"At 12:00 PM, only on Saturday",Every week,combined,['master'],"['push', 'pull_request', 'schedule']",codeql
https://github.com/huggingface/transformers/blob/f40b87de0ca234df61f76928956c4a2118c0b548/.github/workflows/stale.yml,0,0,TRUE,0,close stale issues,Close stale issue,,0 8 * * *,At 08:00 AM,Every day,schedule,#N/A,#N/A,mark/close stale issue
https://github.com/RailsEventStore/rails_event_store/blob/1243ed332a0da74b19fe7f8207fd2798dbff9ba3/.github/workflows/ruby_event_store-outbox_coverage.yml,?,1,FALSE,1,test coverage?,test,,0 17 * * *,At 05:00 PM,Every day,combined,[],"['workflow_dispatch', 'schedule']",tests
https://github.com/forcedotcom/sfdx-scanner/blob/3faceea845550d9eb21cbbf0fd5b639bbd8a9874/.github/workflows/production-heartbeat.yml,1,1,TRUE,1,"smoke tests, ",test,,"45 13,17,21 * * 1,2,3,4,5","At 01:45 PM, 05:45 PM and 09:45 PM, only on Monday, Tuesday, Wednesday, Thursday, and Friday",Other,combined,"['try', 'master']","['push', 'pull_request', 'schedule']",tests
https://github.com/RailsEventStore/rails_event_store/blob/1243ed332a0da74b19fe7f8207fd2798dbff9ba3/.github/workflows/ruby_event_store-flipper_coverage.yml,1,1,TRUE,1,tests (mutation),test (mutation),,0 17 * * *,At 05:00 PM,Every day,combined,"['develop', 'master']","['push', 'pull_request', 'schedule']",tests
https://github.com/google/pprof/blob/35fc243c581579d60a2c0db5d1e0aca258b77d51/.github/workflows/ci.yaml,1,1,TRUE,1,tests (code coverage),test,,0 2 * * *,At 02:00 AM,Every day,combined,#N/A,#N/A,tests
https://github.com/dotpot/InAppPy/blob/a825c3bdd0019536b60d266583c29103b3d5d38c/.github/workflows/codeql-analysis.yml,1,1,TRUE,1,code analysis (codeql),Code Analysis,,43 0 * * 2,"At 12:43 AM, only on Tuesday",Every week,combined,[],"['workflow_dispatch', 'repository_dispatch', 'push', 'pull_request', 'schedule']",codeql
https://github.com/carvel-dev/imgpkg/blob/cc586f6d39d2eaf4c342d1cc7b275e8899f531a9/.github/workflows/trivy-scan.yml,1,1,TRUE,1,"vulnerability scanner (trivy) , create issue ?",Code Analysis (CVE),,0 0 * * *,At 12:00 AM,Every day,schedule,['main'],"['push', 'pull_request', 'schedule']",security/vulnerability check
https://github.com/cdk8s-team/cdk8s/blob/c350c79b8f172ed98f2c289311c3500600214ee7/.github/workflows/stale.yml,0,0,TRUE,0,issues (close stale using aws-actions/stale-issue-cleanup),Mark issue as stale + Close issue,,0 */4 * * *,Every 4 hours,Every 4 hours,combined,['develop'],"['push', 'pull_request', 'schedule']",mark/close stale issue
https://github.com/vuejs/vue-eslint-parser/blob/d79bcad8fba6f9e8cc4f7282a130a2a34f646267/.github/workflows/CI.yml,1,1,TRUE,1,"linter (code quality) , tests (code coverage, integration)",test,,0 0 * * 0,"At 12:00 AM, only on Sunday",Every week,combined,[],"['schedule', 'workflow_dispatch']",tests;linter
https://github.com/aeternity/aepp-sdk-js/blob/15534dfea68a558d9c440d67295e158d39bc8c30/.github/workflows/codeql.yml,1,1,TRUE,1,code analysis (codeql),Code Analysis,,59 6 * * 2,"At 06:59 AM, only on Tuesday",Every week,combined,[],"['schedule', 'workflow_dispatch']",codeql
https://github.com/mediathekview/MediathekView/blob/9105485f50ec10d863727b4817c8c4ffcbb02643/.github/workflows/nightly.yml,1,1,TRUE,1,"code analysis (sonarcloud scan), tests (?), ","test, release",,0 0 * * *,At 12:00 AM,Every day,schedule,['master'],"['push', 'schedule']",tests
https://github.com/RailsEventStore/rails_event_store/blob/1243ed332a0da74b19fe7f8207fd2798dbff9ba3/.github/workflows/ruby_event_store-sequel_coverage.yml,1,1,TRUE,1,tests (mutation),test (mutation),,0 17 * * *,At 05:00 PM,Every day,combined,['master'],"['push', 'pull_request', 'schedule']",tests
https://github.com/raviqqe/muffet/blob/9cf5a84434a4eb0e870c3e03f087827786f7eb35/.github/workflows/security.yaml,1,1,TRUE,1,code analysis (codeql),Code Analysis,,0 0 * * *,At 12:00 AM,Every day,combined,"['ga', 'main']","['push', 'pull_request', 'schedule']",codeql
https://github.com/tmobile/jazz/blob/a419c34ce3c7271550da3f69b25582580cf60284/.github/workflows/codeql-analysis.yml,1,1,TRUE,1,code analysis (codeql),Code Analysis,,28 19 * * 3,"At 07:28 PM, only on Wednesday",Every week,combined,[],"['workflow_dispatch', 'repository_dispatch', 'push', 'pull_request', 'schedule']",codeql
https://github.com/sapphiredev/framework/blob/15eb6f72b5f7ac9d1e41ae371eaa92d38fe19320/.github/workflows/labelsync.yml,0,0,TRUE,0,manage labels on github,label,,0 0 * * *,At 12:00 AM,Every day,combined,[],"['push', 'pull_request', 'schedule']",gh labels
https://github.com/deepjavalibrary/djl-demo/blob/8f3e558747e8d0930eeeb4ef326bcfbe46540fa6/.github/workflows/canary.yml,1,1,TRUE,1,tests (?),test (canary),,0 9 * * *,At 09:00 AM,Every day,combined,[],"['schedule', 'workflow_dispatch']",tests
https://github.com/webanalyzer/rules/blob/9898bbfdede46148a8ce2d8624799aafa66e6c23/.github/workflows/main.yml,?,0,FALSE,0,"tests, linter",,,0 12 * * *,At 12:00 PM,Every day,combined,['master'],"['push', 'pull_request', 'schedule']",pull outside information
https://github.com/puemos/hls-downloader/blob/fdaf4e3ad32f5562b692a17de9feebec44c0c6c9/.github/workflows/codeql-analysis.yml,1,1,TRUE,1,code analysis (codeql),Code Analysis,,22 11 * * 3,"At 11:22 AM, only on Wednesday",Every week,combined,['main'],"['push', 'workflow_dispatch', 'schedule']",codeql
https://github.com/Azure/static-web-apps-cli/blob/f9f9b7e92f5fb03cf9b75626377f951a5f85cd5d/.github/workflows/codeql-analysis.yml,1,1,TRUE,1,code analysis (codeql),Code Analysis,,32 19 * * 2,"At 07:32 PM, only on Tuesday",Every week,combined,[],"['push', 'schedule']",codeql
https://github.com/RailsEventStore/rails_event_store/blob/1243ed332a0da74b19fe7f8207fd2798dbff9ba3/.github/workflows/aggregate_root_coverage.yml,1,1,TRUE,1,tests (mutation),test (mutation),,0 17 * * *,At 05:00 PM,Every day,combined,[],"['schedule', 'workflow_dispatch']",tests
https://github.com/amaranth-lang/amaranth-soc/blob/2f2ad5c1151edd6895a82d19e08432ea6621316b/.github/workflows/main.yaml,1,1,TRUE,1,tests (unit),test,,0 0 * * *,At 12:00 AM,Every day,combined,['master'],"['push', 'pull_request', 'schedule']",tests
https://github.com/deepjavalibrary/djl-demo/blob/8f3e558747e8d0930eeeb4ef326bcfbe46540fa6/.github/workflows/nightly.yml,1,1,TRUE,1,tests (check if everything is compiling),test (complie),,0 3 * * *,At 03:00 AM,Every day,combined,#N/A,#N/A,tests
https://github.com/ddinan/tsuyo/blob/50feeca06fa17d5420cba3df86e0081508a1b801/.github/workflows/codeql-analysis.yml,1,1,TRUE,1,code analysis (codeql),Code Analysis,,28 1 * * 6,"At 01:28 AM, only on Saturday",Every week,combined,[],"['workflow_dispatch', 'repository_dispatch', 'push', 'pull_request', 'schedule']",codeql
https://github.com/exercism/website/blob/f9de6c93c008a811b417e096d5ede4243daedf30/.github/workflows/sync-labels.yml,0,0,TRUE,0,labeling (sync labels),label,,0 0 1 * *,"At 12:00 AM, on day 1 of the month",Every month,combined,[],"['workflow_dispatch', 'schedule']",gh labels
https://github.com/masterT/bandcamp-scraper/blob/030f711a6f8565c110789a6b071d73e2d0acc98e/.github/workflows/test.yml,1,1,TRUE,1,"tests (jasmin), lint (standart)",test,,0 0 * * *,At 12:00 AM,Every day,combined,['master'],"['push', 'pull_request', 'schedule']",tests;linter
https://github.com/jens-maus/RaspberryMatic/blob/76484f8edb448ebb6d653b457e3402449d3910a9/.github/workflows/stale.yml,0,0,TRUE,0,issues (close stale issue),Mark issue / PR as stale,,40 5 * * *,At 05:40 AM,Every day,combined,#N/A,#N/A,mark/close stale issue;mark/close stale pr
https://github.com/getsentry/sentry-go/blob/824589bd5be49de6242d5f867a94c7df05510a4e/.github/workflows/codeql.yml,1,1,TRUE,1,code analysis (codeql),Code Analysis,,37 3 * * 2,"At 03:37 AM, only on Tuesday",Every week,combined,[],"['schedule', 'pull_request', 'workflow_dispatch']",codeql
https://github.com/Mantle/Mantle/blob/2a8e2123a3931038179ee06105c9e6ec336b12ea/.github/workflows/stale.yml,0,0,TRUE,0,"issues (mark as stale), pull request (mark as stale)",Mark issue as stale,,0 * * * *,Every hour,Every hour,schedule,['master'],"['push', 'pull_request', 'schedule']",mark/close stale issue;mark/close stale pr
https://github.com/RailsEventStore/rails_event_store/blob/1243ed332a0da74b19fe7f8207fd2798dbff9ba3/.github/workflows/ruby_event_store-newrelic_coverage.yml,1,1,TRUE,1,tests (mutate),test (mutation),,0 17 * * *,At 05:00 PM,Every day,combined,['main'],"['push', 'pull_request', 'schedule']",tests
https://github.com/simgrid/simgrid/blob/b10db4dcce4205eb96447f44781f2c44a875c504/.github/workflows/ci-wrench.yml,1,1,TRUE,1,"tests (unit), build",test,,0 20 * * 0,"At 08:00 PM, only on Sunday",Every week,combined,#N/A,#N/A,tests;build
https://github.com/rednafi/fastapi-nano/blob/c024d84194fd0437749015b186369ae54a147359/.github/workflows/test.yml,1,1,TRUE,1,"linter, tests (pytest)",test,,5 8 * * 0,"At 08:05 AM, only on Sunday",Every week,combined,['master'],"['workflow_dispatch', 'push', 'schedule']",tests;linter
https://github.com/yzhao062/pyod/blob/e0f2981fe85c0cb6f96f2323843a7f5eb4ab527b/.github/workflows/testing-cron.yml,1,1,TRUE,1,"tests (cover, pytest) ",test,,"5 4 * * 1,3,5,6","At 04:05 AM, only on Monday, Wednesday, Friday, and Saturday",Other,schedule,['master'],"['schedule', 'push']",tests
https://github.com/OpenMage/magento-lts/blob/f34dbe301ddb3e3aceee0c3295067486efc1ade6/.github/workflows/security-php.yml,1,1,TRUE,1,"security check (php security check, package dependency)",Code Analysis (security),,0 0 * * 1,"At 12:00 AM, only on Monday",Every week,combined,#N/A,#N/A,security/vulnerability check
https://github.com/andrew-gresyk/HFSM2/blob/534a17a80871b93d9f4ac4b8208ae20823bf7696/.github/workflows/msvc-analysis.yml,1,1,TRUE,1,code analysis (microsoft/msvc-code-analysis-action),Code Analysis,,22 3 * * 3,"At 03:22 AM, only on Wednesday",Every week,combined,['master'],"['push', 'pull_request', 'schedule']",static analysis
https://github.com/exercism/website/blob/f9de6c93c008a811b417e096d5ede4243daedf30/.github/workflows/codeql-analysis.yml,1,1,TRUE,1,code analysis (codeql),Code Analysis,,0 4 * * 1,"At 04:00 AM, only on Monday",Every week,combined,#N/A,#N/A,codeql
https://github.com/libp2p/go-libp2p-kad-dht/blob/bdca14419ec5f7ad0790f17856964bb99bee7436/.github/workflows/stale.yml,0,0,TRUE,0,issues (close and mark stale issue),Mark issue as stale,,0 0 * * *,At 12:00 AM,Every day,schedule,#N/A,#N/A,mark/close stale issue
https://github.com/indilib/indi/blob/8e24b43d8ecc582bdbf8331ebbf4eadf58c0a8da/.github/workflows/docker.yml,1,1,TRUE,1,"build, push (Docker image)",release,,0 7 */7 * *,"At 07:00 AM, every 7 days",every 7 days,combined,#N/A,#N/A,build (docker);deploy / release (docker)
https://github.com/icerockdev/libs.kmp.icerock.dev/blob/6cd4558be0be083bfb41076a8daac156a194638d/.github/workflows/update-data.yml,1,1,TRUE,1,build (react app),build,,0 0 * * *,At 12:00 AM,Every day,combined,['main'],"['push', 'pull_request', 'schedule']",build
https://github.com/vbenjs/vue-vben-admin/blob/43aa7430324a7f390c31ea9e8a2f1e00fad8a1d0/.github/workflows/issue-close-require.yml,0,0,TRUE,0,issues (close stale issue),close issue,,0 0 * * *,At 12:00 AM,Every day,schedule,[],"['workflow_dispatch', 'schedule']",mark/close stale issue
https://github.com/pyscaffold/pyscaffold/blob/14ff8554f25c83845687315c0a251048e76784ba/.github/workflows/codeql-analysis.yml,1,1,TRUE,1,code analysis (codeql),Code Analysis,,40 1 * * 2,"At 01:40 AM, only on Tuesday",Every week,combined,['master'],"['push', 'pull_request', 'schedule']",codeql
https://github.com/aws/aws-node-termination-handler/blob/aed263a6d3019da583587ae809478fdcc63ec744/.github/workflows/stale.yml,0,0,TRUE,0,"issues (close and mark as stale), pull request (close and mark as stale)",close stale issue / PR,,0 17 * * *,At 05:00 PM,Every day,schedule,['master'],"['push', 'pull_request', 'schedule']",mark/close stale issue;mark/close stale pr
https://github.com/jfrog/build-info/blob/d62624f67da31063d802cbb497dd641b3a9574f0/.github/workflows/gradle.yml,1,1,TRUE,1,publish (gradle gallery),"build, release",,0 */4 * * *,Every 4 hours,Every 4 hours,schedule,['main'],"['push', 'pull_request', 'schedule']",build;deploy / release
https://github.com/alexitaylor/angular-graphql-nestjs-postgres-starter-kit/blob/ee19dab73a5a07c0bc352f7abfa517961ee69ea6/.github/workflows/stale.yml,0,0,TRUE,0,issues (mark stale issue),mark issue as stale,,0 0 * * *,At 12:00 AM,Every day,schedule,"['*', 'main']","['push', 'pull_request', 'schedule']",mark/close stale issue
https://github.com/jbangdev/jbang/blob/cdbf260414fc596bcb2b18d41e8e9ee8fb981c16/.github/workflows/codeql-analysis.yml,1,1,TRUE,1,code analysis (codeql),Code Analysis,,19 18 * * 2,"At 06:19 PM, only on Tuesday",Every week,combined,#N/A,#N/A,codeql
https://github.com/cdk8s-team/cdk8s/blob/c350c79b8f172ed98f2c289311c3500600214ee7/.github/workflows/upgrade-configuration.yml,1,1,TRUE,1,upgrades project dependencies (projen),Upgrade dependency,,0 15 * * *,At 03:00 PM,Every day,combined,[],"['workflow_dispatch', 'schedule']",upgrade/install dependency
https://github.com/Anapher/Strive/blob/56f40312740d47cba03bf722ea268a4a0fc32f86/.github/workflows/codeql-analysis.yml,1,1,TRUE,1,code analysis (codeql),Code Analysis,,20 4 * * 2,"At 04:20 AM, only on Tuesday",Every week,combined,#N/A,#N/A,codeql
https://github.com/haveno-dex/haveno/blob/7658b3a508311b6bb2627d9bbb8a7b841752a51d/.github/workflows/codeql-analysis.yml,1,1,TRUE,1,code analysis (codeql),Code Analysis,,43 21 * * 0,"At 09:43 PM, only on Sunday",Every week,combined,#N/A,#N/A,codeql
https://github.com/wechaty/getting-started/blob/500562db7a2a879b5fd16a3a3fdd95ac287bfb6e/.github/workflows/node.js.yml,1,1,TRUE,1,"tests (smoke), build",test,,0 5 * * 0,"At 05:00 AM, only on Sunday",Every week,combined,#N/A,#N/A,tests
https://github.com/martinfleis/momepy/blob/cfc7c19f741a5669bda78637a0acd5fb58183094/.github/workflows/tests.yaml,1,1,TRUE,1,tests,test,,"0 0 * * 1,4","At 12:00 AM, only on Monday and Thursday",2 times a week,combined,#N/A,#N/A,tests
https://github.com/aimhubio/aim/blob/631061bea565a319574b3d81840a826fde7db34e/.github/workflows/nightly-release.yml,1,1,TRUE,1,"tests (pytest), code check (flake8), build, publish (docker)","test, release",,0 20 * * *,At 08:00 PM,Every day,schedule,#N/A,#N/A,tests;build;deploy / release (docker)
https://github.com/lrusnac/hn-notifier/blob/60c61f995c9f0ac1bed3d8868419355a5e80686b/.github/workflows/fetch.yaml,0,0,TRUE,0,read stories from url and save to google drive,update news,,*/10 * * * *,Every 10 minutes,Every 10 minutes,combined,['master'],"['push', 'pull_request', 'schedule']",pull outside information
https://github.com/Netflix/dgs-framework/blob/4ce0571dfd91b5ac9285dceb83180f1d5b6720cc/.github/workflows/stale.yml,0,0,TRUE,0,"issues (close stale), pull request (close stale)",close/mark stale PR,,0 0 * * *,At 12:00 AM,Every day,schedule,#N/A,#N/A,mark/close stale pr
https://github.com/digiteinfotech/kairon/blob/91775c1ef2768ace5aa2bcb997db7a88001b4bb0/.github/workflows/scan_image.yml,1,1,TRUE,1,vulnerability scannig (azure container scanning),check vulnerability,,30 5 * * 0,"At 05:30 AM, only on Sunday",Every week,schedule,['main'],"['push', 'schedule']",security/vulnerability check
https://github.com/kriasoft/relay-starter-kit/blob/f15b6eb80fcf033cc1a04fae348d036a323bd17d/.github/workflows/nightly.yml,?,0,FALSE,0,install dependency,install?,Cleaning test environments (instances) on Google Cloud,0 3 * * *,At 03:00 AM,Every day,schedule,[],"['push', 'pull_request', 'schedule']",upgrade/install dependency
https://github.com/FairwindsOps/reckoner/blob/109f576b108077734744992431c108c9be6c6780/.github/workflows/stale.yml,0,0,TRUE,0,"issues (label stale), pull request (label stale)",close stale issue / PR,,32 1 * * *,At 01:32 AM,Every day,schedule,#N/A,#N/A,mark/close stale issue;mark/close stale pr
https://github.com/hetznercloud/hcloud-cloud-controller-manager/blob/04b07845dc0832b19ad089e335053be61d192c67/.github/workflows/stale.yml,0,0,TRUE,0,"issues (close stale), pull request (close stale)",close stale issue / PR,,30 12 * * *,At 12:30 PM,Every day,schedule,['devel'],"['push', 'pull_request', 'schedule']",mark/close stale issue;mark/close stale pr
https://github.com/microsoft/appcenter-cli/blob/9930a9d5171a780290c99f617a651d13023ed3e6/.github/workflows/codeql-analysis.yml,1,1,TRUE,1,code analysis (codeql),Code Analysis,,0 0 * * 0,"At 12:00 AM, only on Sunday",Every week,combined,"['v2*', 'master']","['push', 'schedule', 'workflow_dispatch']",codeql
https://github.com/roslynpad/roslynpad/blob/eff3c03d04da9e8dd96ad533c52d4ef12ea45abc/.github/workflows/codeql-analysis.yml,1,1,TRUE,1,code analysis (codeql),Code Analysis,,0 0 * * 4,"At 12:00 AM, only on Thursday",Every week,schedule,['master'],"['push', 'pull_request', 'schedule']",codeql
https://github.com/helmwave/helmwave/blob/2e9d12f431f0e5690cd61582d7718fd56bd6fa95/.github/workflows/container-analysis.yml,1,1,TRUE,1,"vulnerability scan, code scan",vulnerability,,44 10 * * 6,"At 10:44 AM, only on Saturday",Every week,combined,['master'],"['push', 'pull_request', 'schedule']",security/vulnerability check
https://github.com/thomasloven/hass-browser_mod/blob/91741384df2dd2271c459e3c992bc04c814cee52/.github/workflows/hassfest.yaml,1,1,TRUE,1,"build (docker), validate standalone integration repositories",build then remove,,0 0 * * *,At 12:00 AM,Every day,combined,#N/A,#N/A,build (docker)
https://github.com/ipfs/go-ds-s3/blob/7b03b5a77de91135b2c4ac0bb66dc63d3b3eea5a/.github/workflows/stale.yml,0,0,TRUE,0,issues (cloase and mark stale),close/mark stale issue,,0 0 * * *,At 12:00 AM,Every day,schedule,[],"['schedule', 'workflow_dispatch']",mark/close stale issue
https://github.com/grindsa/dkb-robo/blob/407f6790e935a8d729caea8046d311860b0aed06/.github/workflows/python-test.yml,1,1,TRUE,1,"tests (pytest), linter","test, Code Analysis, code style",,0 2 * * 6,"At 02:00 AM, only on Saturday",Every week,combined,#N/A,#N/A,tests;linter
https://github.com/redpanda-data/kminion/blob/5bcd78fe28965265924dcc247c97427e4c8afbd1/.github/workflows/snyk-scan.yml,1,1,TRUE,1,vulnerability scannig (snyk),vulnerability,,0 0 * * *,At 12:00 AM,Every day,combined,[],"['schedule', 'workflow_dispatch']",security/vulnerability check
https://github.com/thephpleague/uri/blob/bf414ba956d902f5d98bf9385fcf63954f09dce5/.github/workflows/close-subsplit-prs.yaml,0,0,TRUE,0,pull requests (close sub-split),Close sub-split PRs,,30 7 * * *,At 07:30 AM,Every day,combined,"['main', 'master']","['push', 'schedule']",mark/close stale pr
https://github.com/evilmartians/lefthook/blob/e69adc10c99fd8887673a8b18894082453c6ceaf/.github/workflows/codeql.yml,1,1,TRUE,1,code analysis (codeql),Code Analysis,,0 6 * * 1,"At 06:00 AM, only on Monday",Every week,combined,['main'],"['push', 'pull_request', 'schedule']",codeql
https://github.com/coding-blocks/CBOnlineApp/blob/7b94f73558b5796ceec92d3c0c3e9da2307e5bd1/.github/workflows/stale.yml,0,0,TRUE,0,"issues (label stale), pull request (label stale)",Mark stale issue/PRs,,0 * * * *,Every hour,Every hour,schedule,[],"['workflow_dispatch', 'repository_dispatch', 'push', 'pull_request', 'schedule']",mark/close stale issue;mark/close stale pr
https://github.com/jens-maus/RaspberryMatic/blob/76484f8edb448ebb6d653b457e3402449d3910a9/.github/workflows/snapshot.yml,1,1,TRUE,1,"build (raspberry snapshot), upload to GH",release,,0 0 * * *,At 12:00 AM,Every day,combined,['main'],"['push', 'pull_request', 'schedule']",build
https://github.com/carvel-dev/imgpkg/blob/cc586f6d39d2eaf4c342d1cc7b275e8899f531a9/.github/workflows/stale-issues-action.yml,0,0,TRUE,0,"issues (label stale, close stale)",Close stale issue,,0 0 * * *,At 12:00 AM,Every day,schedule,['main'],"['push', 'pull_request', 'schedule']",mark/close stale issue
https://github.com/aws-cloudformation/cfn-lint-visual-studio-code/blob/d912507bdf93686f73f4cfef25ad5bc6604fed3f/.github/workflows/template-schema-updater.yaml,?,0,FALSE,1,generates CloudFormation template schemas and create PR,Doc template,Code generation,0 */8 * * *,Every 8 hours,Every 8 hours,combined,#N/A,#N/A,file update / generate
https://github.com/gleich/fgh/blob/cb037a629c601b4d8482bbc448f267ca29e8887e/.github/workflows/fsync.yml,0,0,TRUE,0,file sync (across repos in GitHub),File sync,,0 */6 * * *,Every 6 hours,Every 6 hours,combined,"['live', 'master']","['push', 'pull_request', 'schedule', 'workflow_dispatch']",Update within github
https://github.com/tobi-wan-kenobi/bumblebee-status/blob/fd0714e55ed6f7e9712c9651bcb50e2e20b99a69/.github/workflows/codeql-analysis.yml,1,1,TRUE,1,code analysis (codeql),Code Analysis,,31 0 * * 4,"At 12:31 AM, only on Thursday",Every week,combined,"['*.x', 'master']","['push', 'pull_request', 'schedule']",codeql
https://github.com/RailsEventStore/rails_event_store/blob/1243ed332a0da74b19fe7f8207fd2798dbff9ba3/.github/workflows/ruby_event_store-rspec_coverage.yml,1,1,TRUE,1,tests (mutate),test (mutation),,0 17 * * *,At 05:00 PM,Every day,combined,['master'],"['push', 'pull_request', 'schedule']",tests
https://github.com/estruyf/vscode-front-matter/blob/36ae7081d11e55aa77ab8c32edc21c04f37aaa2d/.github/workflows/codeql-analysis.yml,1,1,TRUE,1,code analysis (codeql),Code Analysis,,24 14 * * 5,"At 02:24 PM, only on Friday",Every week,combined,#N/A,#N/A,codeql
https://github.com/redpanda-data/kminion/blob/5bcd78fe28965265924dcc247c97427e4c8afbd1/.github/workflows/codeql-analysis.yml,1,1,TRUE,1,code analysis (codeql),Code Analysis,,30 1 * * 0,"At 01:30 AM, only on Sunday",Every week,combined,[],"['workflow_dispatch', 'schedule']",codeql
https://github.com/polkadot-js/phishing/blob/6040975159cf232251adad31ca87a09d1a156e50/.github/workflows/crosscheck.yml,1,?,FALSE,0,tests (phishing) ?,test (name list),Alert if own base doesn't have info from external sources,45 5/1 * * *,"At 45 minutes past the hour, every 1 hours, starting at 05:00 AM",Other,schedule,['main'],"['push', 'pull_request', 'schedule']",pull outside information
https://github.com/avrae/avrae/blob/5a3ac4e0eac592f1e7d47cbfe700ab68b8f3591a/.github/workflows/codeql-analysis.yml,1,1,TRUE,1,code analysis (codeql),Code Analysis,,24 9 * * 0,"At 09:24 AM, only on Sunday",Every week,combined,['master'],"['push', 'pull_request', 'schedule']",codeql
https://github.com/laravel/breeze/blob/99b3843cc41bdd7ed806080956a04acf5bde8888/.github/workflows/static-analysis.yml,1,1,TRUE,1,code analysis (phpstan),Find bug,,0 0 * * *,At 12:00 AM,Every day,combined,"['release-**', 'master']","['push', 'pull_request', 'schedule']",static analysis
https://github.com/ebkr/r2modmanPlus/blob/01bf512fef0026746275fdeddc6cdb49b164402b/.github/workflows/codeql-analysis.yml,1,1,TRUE,1,code analysis (codeql),Code Analysis,,0 17 * * 5,"At 05:00 PM, only on Friday",Every week,combined,[],"['push', 'pull_request', 'schedule', 'workflow_dispatch']",codeql
https://github.com/sapphiredev/framework/blob/15eb6f72b5f7ac9d1e41ae371eaa92d38fe19320/.github/workflows/auto-deprecate.yml,?,?,TRUE,0,"npm auto deprecate (deprecate packages versions on the npm registry, the repo is npm package)",release (deprecate previous release),confirm with researcher 3 (We didnâ€™t consider it as deployment as it just deprecates old versions),0 0 * * *,At 12:00 AM,Every day,schedule,[],"['workflow_dispatch', 'schedule']",updates for website
https://github.com/forcedotcom/sfdx-scanner/blob/3faceea845550d9eb21cbbf0fd5b639bbd8a9874/.github/workflows/daily-smoke-tests.yml,1,1,TRUE,1,tests (smoke),test (smoke),,30 13 * * *,At 01:30 PM,Every day,combined,#N/A,#N/A,tests
https://github.com/gomods/athens/blob/2ac4289974d0c54fcc76dd3b473fa2129045128b/.github/workflows/codeql.yml,1,1,TRUE,1,code analysis (codeql),Code Analysis,,0 15 * * 0,"At 03:00 PM, only on Sunday",Every week,combined,['main'],"['push', 'pull_request', 'workflow_dispatch', 'schedule']",codeql
https://github.com/steventhanna/proton/blob/fe822d7c80b030fbda3ed0c662c8aa312285994b/.github/workflows/codeql-analysis.yml,1,1,TRUE,1,code analysis (codeql),Code Analysis,,33 11 * * 2,"At 11:33 AM, only on Tuesday",Every week,combined,[],"['workflow_dispatch', 'schedule']",codeql
https://github.com/vesoft-inc/nebula-python/blob/91afe1b3ad024a5bcc0ca729f533352f3a06e618/.github/workflows/run_test.yaml,1,1,TRUE,1,tests (pytest),test,,0 6 * * *,At 06:00 AM,Every day,combined,#N/A,#N/A,tests
https://github.com/bgp/bgpq4/blob/2e06d3c38934f373e6caa8d1f2a22ff7181d0416/.github/workflows/codeql-analysis.yml,1,1,TRUE,1,"code analysis (codeql), build (make)",Code Analysis,,15 6 * * 2,"At 06:15 AM, only on Tuesday",Every week,combined,#N/A,#N/A,codeql
https://github.com/simgrid/simgrid/blob/b10db4dcce4205eb96447f44781f2c44a875c504/.github/workflows/docker.yml,1,1,TRUE,1,build (docker),test (build docker),,42 18 * * 0,"At 06:42 PM, only on Sunday",Every week,combined,"['py2-legacy', 'master']","['push', 'pull_request', 'schedule']",build (docker)
https://github.com/brndnmtthws/conky/blob/0af1939caf59f42c826ef3eb5d8779c0fbbace2f/.github/workflows/codeql.yml,1,1,TRUE,1,code analysis (codeql),Code Analysis,,20 2 * * 0,"At 02:20 AM, only on Sunday",Every week,schedule,['master'],"['push', 'pull_request', 'schedule']",codeql
https://github.com/aws/aws-node-termination-handler/blob/aed263a6d3019da583587ae809478fdcc63ec744/.github/workflows/build-and-test.yaml,1,1,TRUE,1,"tests (unit), build (make)",test,,0 19 * * 1-5,"At 07:00 PM, Monday through Friday",Other,combined,['master'],"['push', 'pull_request', 'schedule']",tests;build
https://github.com/austenstone/crypto-box/blob/1927041cc7b7e1a8a7d435b5a586dd8f5fde4c4b/.github/workflows/schedule.yml,0,0,TRUE,0,update pinned gist on github,Update crypto price,,* * * * *,Every minute,Every minute,combined,"['aggregated-java-sources', 'master']","['push', 'pull_request', 'schedule']",pull outside information
https://github.com/babenkoivan/elastic-scout-driver-plus/blob/11b76e636d60d0977d97c5644f2990820dfca483/.github/workflows/stale.yml,0,0,TRUE,0,"issues (label stale), pull request (label stale)",Mark stale issue/PRs,,0 0 * * *,At 12:00 AM,Every day,schedule,"['*.x', 'master']","['push', 'pull_request', 'schedule']",mark/close stale issue;mark/close stale pr
https://github.com/stevehansen/csv/blob/f626544191e79789de23b8086539410fac749219/.github/workflows/stale.yml,0,0,TRUE,0,"issues (label stale), pull request (label stale)",Mark stale issue/PRs,,0 0 * * *,At 12:00 AM,Every day,schedule,['master'],"['push', 'pull_request', 'schedule']",mark/close stale issue;mark/close stale pr
https://github.com/scikit-hep/scikit-hep/blob/b12ddb7e9a84c7253cbb18bd985cb7c863da478e/.github/workflows/ci.yml,1,1,TRUE,1,"tests (pytest, unit)",test (codecov),,1 0 * * *,At 12:01 AM,Every day,combined,['master'],"['push', 'pull_request', 'schedule']",tests
https://github.com/Wikidata/Wikidata-Toolkit/blob/60fe4e848369936198043b67442d3c82b8977e67/.github/workflows/codeql-analysis.yml,1,1,TRUE,1,code analysis (codeql),Code Analysis,,32 21 * * 4,"At 09:32 PM, only on Thursday",Every week,combined,[],"['schedule', 'workflow_call', 'workflow_dispatch']",codeql
https://github.com/Sunoo/homebridge-camera-ffmpeg/blob/dfbf2cb10e772ed815aaf0843850b841bf1ded2a/.github/workflows/codeql-analysis.yml,1,1,TRUE,1,code analysis (codeql),Code Analysis,,36 11 * * 6,"At 11:36 AM, only on Saturday",Every week,combined,['main'],"['workflow_dispatch', 'push', 'schedule']",codeql
https://github.com/jflex-de/jflex/blob/4c942c5ad702199be7bea2876a01c84ef6c1fd23/.github/workflows/codeql.yml,1,1,TRUE,1,"code analysis (codeql, sarif)",Code Analysis,,35 9 * * 2,"At 09:35 AM, only on Tuesday",Every week,combined,"['test-me-*', 'main']","['push', 'schedule']",codeql
https://github.com/laravel/breeze/blob/99b3843cc41bdd7ed806080956a04acf5bde8888/.github/workflows/tests.yml,1,1,TRUE,1,"tests (phpunit), build",test,,0 0 * * *,At 12:00 AM,Every day,combined,"['!dependabot/**', 'main']","['push', 'pull_request', 'schedule', 'workflow_dispatch']",tests;build
https://github.com/fenichelar/ember-simple-auth-token/blob/335b9fd13a5f603e8120e2f8d05e3bdc58579a89/.github/workflows/codeql-analysis.yml,1,1,TRUE,1,code analysis (codeql),Code Analysis,,45 15 * * 3,"At 03:45 PM, only on Wednesday",Every week,combined,#N/A,#N/A,codeql
https://github.com/elgorditosalsero/react-gtm-hook/blob/fb02a8f7852d5b93dcc14d01f2509632563ce438/.github/workflows/codeql-analysis.yml,1,1,TRUE,1,code analysis (codeql),Code Analysis,,20 8 * * 4,"At 08:20 AM, only on Thursday",Every week,combined,['master'],"['push', 'pull_request', 'schedule']",codeql
https://github.com/OpenMage/magento-lts/blob/f34dbe301ddb3e3aceee0c3295067486efc1ade6/.github/workflows/sonar.yml,1,1,TRUE,1,"code analysis (sonarcloud), tests (phpunit)",vulnerability,,0 0 * * 1,"At 12:00 AM, only on Monday",Every week,combined,[],"['schedule', 'workflow_dispatch']",tests;security/vulnerability
https://github.com/exercism/website/blob/f9de6c93c008a811b417e096d5ede4243daedf30/.github/workflows/replicate.yml,0,0,TRUE,0,replicate another repo,push code,,50 4 * * *,At 04:50 AM,Every day,combined,['master'],"['push', 'pull_request', 'schedule']",Update within github
https://github.com/kornia/kornia/blob/ce434e467faf617604bb3383cf78cd0b79f59dbd/.github/workflows/scheduled_test_cpu.yml,1,1,TRUE,1,tests (CPU),test (performance),,0 4 * * *,At 04:00 AM,Every day,combined,['main'],"['push', 'pull_request', 'schedule']",tests
https://github.com/svg-sprite/gulp-svg-sprite/blob/674a7fa2682b153da0d963de8287a9842436c531/.github/workflows/codeql.yml,1,1,TRUE,1,code analysis (codeql),Code Analysis,,0 0 * * 0,"At 12:00 AM, only on Sunday",Every week,combined,['master'],"['push', 'pull_request', 'schedule', 'workflow_dispatch']",codeql
https://github.com/kornia/kornia/blob/ce434e467faf617604bb3383cf78cd0b79f59dbd/.github/workflows/scheduled_test_pypi_package.yml,0,0,TRUE,0,check python packages,check pip version,,0 4 * * *,At 04:00 AM,Every day,schedule,['master'],"['push', 'schedule']",pull outside information
https://github.com/kilobyte/kbtin/blob/d8e87e11aa03519fea5ed946b2b8656760154337/.github/workflows/codeql.yml,1,1,TRUE,1,code analysis (codeql),Code Analysis,,29 11 * * 4,"At 11:29 AM, only on Thursday",Every week,combined,['master'],"['push', 'pull_request', 'schedule']",codeql
https://github.com/Netflix/dgs-framework/blob/4ce0571dfd91b5ac9285dceb83180f1d5b6720cc/.github/workflows/update-gradle-wrapper.yml,0,1,FALSE,1,update gradle wrapper,Update dependency (gradle wrapper),,0 0 * * *,At 12:00 AM,Every day,combined,[],"['repository_dispatch', 'schedule']",upgrade/install dependency
https://github.com/reZach/secure-electron-template/blob/e074256a247ab75bb13d724db09cf0436252d463/.github/workflows/codeql-analysis.yml,1,1,TRUE,1,code analysis (codeql),Code Analysis,,0 13 * * 3,"At 01:00 PM, only on Wednesday",Every week,combined,[],"['workflow_dispatch', 'repository_dispatch', 'push', 'pull_request', 'schedule']",codeql
https://github.com/adhocore/urlsh/blob/a591a051af12835f691c6609bf1320f77bfb2c88/.github/workflows/codeql-analysis.yml,1,1,TRUE,1,code analysis (codeql),Code Analysis,,20 15 * * 6,"At 03:20 PM, only on Saturday",Every week,combined,#N/A,#N/A,codeql
https://github.com/scikit-hep/scikit-hep/blob/b12ddb7e9a84c7253cbb18bd985cb7c863da478e/.github/workflows/current_releases.yml,1,1,TRUE,1,tests (pytest),test,,1 0 * * *,At 12:01 AM,Every day,combined,['master'],"['push', 'pull_request', 'schedule']",tests
https://github.com/TarsCloud/TarsFramework/blob/25cbc476e47c0eced49c57cfc65b32b42b988d4c/.github/workflows/nightly-build-framework.yml,1,1,TRUE,1,build (docker image),build,,0 23 * * *,At 11:00 PM,Every day,combined,[],"['workflow_dispatch', 'schedule']",build (docker)
https://github.com/CESNET/Nemea-Modules/blob/a63ec261fb8245006bf1a3897f1fc79f40424da0/.github/workflows/codeql-analysis.yml,1,1,TRUE,1,"tests (unit), build (make)",Code Analysis,,33 12 * * 6,"At 12:33 PM, only on Saturday",Every week,combined,#N/A,#N/A,codeql
https://github.com/huggingface/transformers/blob/f40b87de0ca234df61f76928956c4a2118c0b548/.github/workflows/model-templates.yml,1,1,TRUE,1,"style checking, build (make)","check style, test?",,0 2 * * *,At 02:00 AM,Every day,combined,['main'],"['push', 'pull_request', 'schedule']",build;linter
https://github.com/RailsEventStore/rails_event_store/blob/1243ed332a0da74b19fe7f8207fd2798dbff9ba3/.github/workflows/ruby_event_store-profiler_coverage.yml,1,1,TRUE,1,tests (mutate),test (mutation),,0 17 * * *,At 05:00 PM,Every day,combined,[],"['workflow_dispatch', 'schedule']",tests
https://github.com/tradle/react-native-udp/blob/8422c403a08f8bfb6a3451bc32f55dee94f83a82/.github/workflows/stale.yml,0,0,TRUE,0,issues (label stale),Mark stale issue/PRs,,0 0 */7 * *,"At 12:00 AM, every 7 days",every 7 days,schedule,[],"['push', 'schedule']",mark/close stale issue
https://github.com/janaagaard75/expo-and-typescript/blob/8375c1446418ed03a4ec9c053930ff85d8058b34/.github/workflows/codeql-analysis.yml,1,1,TRUE,1,code analysis (codeql),Code Analysis,,22 8 * * 0,"At 08:22 AM, only on Sunday",Every week,combined,#N/A,#N/A,codeql
https://github.com/thanos-io/thanos/blob/fce0fe24589385ebccb38a6531e47d953aac050d/.github/workflows/container-version.yaml,?,1,FALSE,1,file generation,Update dependency (busybox),,0 * * * *,Every hour,Every hour,combined,['main'],"['push', 'pull_request', 'schedule']",file update / generate
https://github.com/trusttoken/contracts-pre22/blob/f52112cb6a242b8c7123157814a72008a86759f3/.github/workflows/coverage.yml,1,1,TRUE,1,"tests (coverage), build (yarn)",test (coverage),,0 4 * * *,At 04:00 AM,Every day,schedule,[],"['workflow_dispatch', 'repository_dispatch', 'push', 'pull_request', 'schedule']",tests
https://github.com/petergoldstein/dalli/blob/025c9460a809ed4fc5a0fd66af89b2930c338df1/.github/workflows/codeql-analysis.yml,1,1,TRUE,1,code analysis (codeql),Code Analysis,,22 14 * * 5,"At 02:22 PM, only on Friday",Every week,combined,[],"['schedule', 'workflow_dispatch']",codeql
https://github.com/simgrid/simgrid/blob/b10db4dcce4205eb96447f44781f2c44a875c504/.github/workflows/ci-batsim.yml,1,1,TRUE,1,build,"build, test (batsim)",,0 20 * * 0,"At 08:00 PM, only on Sunday",Every week,combined,['master'],"['push', 'pull_request', 'schedule']",build;tests
https://github.com/libimobiledevice/libusbmuxd/blob/2d8784187c1eb25bdac7a57015fe18dcc9eff4ab/.github/workflows/build.yml,1,1,TRUE,1,build (make),release,,0 0 1 * *,"At 12:00 AM, on day 1 of the month",Every month,combined,[],"['workflow_dispatch', 'repository_dispatch', 'push', 'pull_request', 'schedule']",build;deploy / release
https://github.com/polkadot-js/phishing/blob/6040975159cf232251adad31ca87a09d1a156e50/.github/workflows/lock.yml,0,0,TRUE,0,issue (lock inactive),lock issue/PRs,,10 2/3 * * *,"At 10 minutes past the hour, every 3 hours, starting at 02:00 AM",Every day,schedule,['force_update_dev_certs'],"['schedule', 'push']",mark/close stale issue;mark/close stale pr
https://github.com/thanos-io/thanos/blob/fce0fe24589385ebccb38a6531e47d953aac050d/.github/workflows/codeql-analysis.yml,1,1,TRUE,1,code analysis (codeql),Code Analysis,,30 12 * * 1,"At 12:30 PM, only on Monday",Every week,combined,[],"['push', 'schedule']",codeql
https://github.com/RailsEventStore/rails_event_store/blob/1243ed332a0da74b19fe7f8207fd2798dbff9ba3/.github/workflows/ruby_event_store-active_record_coverage.yml,1,1,TRUE,1,tests (mutate),test (mutation),,0 17 * * *,At 05:00 PM,Every day,combined,[],"['workflow_dispatch', 'schedule']",tests
https://github.com/cloudtools/awacs/blob/a67b0c676fded3c55cd0129d857fdc67c0ed5803/.github/workflows/scrape.yml,0,0,TRUE,0,scrape data and update it in repo,Update information from amazon aws,,0 5 * * 1,"At 05:00 AM, only on Monday",Every week,combined,[],"['workflow_dispatch', 'repository_dispatch', 'push', 'pull_request', 'schedule']",pull outside information
https://github.com/lcn2/calc/blob/9b37e79f2171984640a8d1ea16174c5f446ec44f/.github/workflows/codeql-analysis.yml,1,1,TRUE,1,code analysis (codeql),Code Analysis,,41 1 * * 6,"At 01:41 AM, only on Saturday",Every week,combined,['master'],"['push', 'pull_request', 'schedule']",codeql
https://github.com/RailsEventStore/rails_event_store/blob/1243ed332a0da74b19fe7f8207fd2798dbff9ba3/.github/workflows/minitest-ruby_event_store_coverage.yml,1,1,TRUE,1,tests (mutate),test (mutation),,0 17 * * *,At 05:00 PM,Every day,combined,[],"['workflow_dispatch', 'schedule']",tests
https://github.com/jmhodges/howsmyssl/blob/1e84b32e803018a90d8b7aab295dc714eda126dd/.github/workflows/update_dev_certs.yml,1,0,FALSE,1,update certificates (code generation?),generate new certificate,,1 3 7 */4 *,"At 03:01 AM, on day 7 of the month, every 4 months",Other,combined,['master'],"['push', 'pull_request', 'schedule']",file update / generate
https://github.com/wang-bin/avbuild/blob/9dc17ad414705f2dda39f25a8850b17084fe8055/.github/workflows/build_gpl.yml,1,1,TRUE,1,build,"build, release",,0 12 * * 0,"At 12:00 PM, only on Sunday",Every week,combined,['master'],"['push', 'pull_request', 'workflow_dispatch', 'schedule']",build
https://github.com/cdk8s-team/cdk8s/blob/c350c79b8f172ed98f2c289311c3500600214ee7/.github/workflows/upgrade-runtime-dependencies.yml,1,1,TRUE,1,upgrades project dependencies (projen),Upgrade dependency,,0 6 * * *,At 06:00 AM,Every day,combined,['main'],"['push', 'workflow_dispatch', 'schedule']",upgrade/install dependency
https://github.com/RailsEventStore/rails_event_store/blob/1243ed332a0da74b19fe7f8207fd2798dbff9ba3/.github/workflows/ruby_event_store-rom_coverage.yml,1,1,TRUE,1,tests (mutate),test (mutation),,0 17 * * *,At 05:00 PM,Every day,combined,[],"['workflow_dispatch', 'schedule']",tests
https://github.com/novoid/filetags/blob/a7f4d58998e02f53578c9d2dec73f30b5880fc1a/.github/workflows/codeql-analysis.yml,1,1,TRUE,1,code analysis (codeql),Code Analysis,,0 18 * * 5,"At 06:00 PM, only on Friday",Every week,combined,['master'],"['workflow_dispatch', 'push', 'schedule']",codeql
https://github.com/eclipse/paho.mqtt.c/blob/05ab976ee639435dd939c43f5511e63532d3518f/.github/workflows/covsync.yml,0,0,TRUE,0,sync git branches,push code (difference branch),,7 3 * * 0,"At 03:07 AM, only on Sunday",Every week,combined,[],"['workflow_dispatch', 'schedule']",Update within github
https://github.com/jasonacox/tinytuya/blob/9036e93bfbf908978d68445cc57263e312cdf7eb/.github/workflows/codeql-analysis.yml,1,1,TRUE,1,code analysis (codeql),Code Analysis,,17 1 * * 4,"At 01:17 AM, only on Thursday",Every week,combined,[],"['schedule', 'workflow_dispatch']",codeql
https://github.com/gtimelog/gtimelog/blob/28c3563cf9c3f3a3474cbcbd85a6db5a6ebb2fb8/.github/workflows/build.yml,1,1,TRUE,1,"tests (coverage),",test,,0 5 * * 6,"At 05:00 AM, only on Saturday",Every week,combined,#N/A,#N/A,tests
https://github.com/exercism/cli/blob/331bc718ba974f5f5aafedbc789c26b7533e0ae8/.github/workflows/sync-labels.yml,0,0,TRUE,0,sync labels in github,update label,,0 0 1 * *,"At 12:00 AM, on day 1 of the month",Every month,combined,['master'],"['push', 'pull_request', 'schedule']",gh labels
https://github.com/cpprefjp/site/blob/8ba9fbacbb2089f4b7a49a2a0d5c6a50949dbd58/.github/workflows/outer_link_check.yml,?,0,FALSE,0,check outer link,update link,,30 14 * * 0,"At 02:30 PM, only on Sunday",Every week,combined,[],"['schedule', 'workflow_dispatch']",check links
https://github.com/cpprefjp/site/blob/8ba9fbacbb2089f4b7a49a2a0d5c6a50949dbd58/.github/workflows/build.yml,1,1,TRUE,1,build,generate build,,30 14 * * *,At 02:30 PM,Every day,combined,[],"['workflow_dispatch', 'repository_dispatch', 'push', 'pull_request', 'schedule']",build
https://github.com/kichik/nsis/blob/75f07234329e4f0ce8a5acce38830961d4f9a102/.github/workflows/copy-svn.yml,0,0,TRUE,0,copy from SourceForge Subversion (code management tool),copy code from SVN,,4 10 * * *,At 10:04 AM,Every day,combined,#N/A,#N/A,pull outside information
https://github.com/spring-projects/spring-batch/blob/bf3f00d35dc475400f0fb72941fcdad343339bec/.github/workflows/continuous-inspection.yml,1,1,TRUE,1,"tests (coverage), code analysis (sonar)",test (coverage),,0 10 * * *,At 10:00 AM,Every day,combined,[],"['workflow_dispatch', 'schedule']",tests
https://github.com/martanne/abduco/blob/8c32909a159aaa9484c82b71f05b7a73321eb491/.github/workflows/coverity-scan.yml,1,1,TRUE,1,"build (cov-build), code analysis (static analysis, Coverity Scan)",Code Analysis,,0 0 * * 0,"At 12:00 AM, only on Sunday",Every week,schedule,[],"['schedule', 'workflow_call', 'workflow_dispatch']",build;static analysis
https://github.com/andrew-gresyk/HFSM2/blob/534a17a80871b93d9f4ac4b8208ae20823bf7696/.github/workflows/codeql.yml,1,1,TRUE,1,code analysis (codeql),Code Analysis,,33 17 * * 5,"At 05:33 PM, only on Friday",Every week,combined,#N/A,#N/A,codeql
https://github.com/amundsen-io/amundsenfrontendlibrary/blob/b5b33bba886a295df2f870677341ec4c806cd6b1/.github/workflows/monthly_release.yml,1,1,TRUE,1,"upgrade project version (python-semantic-release), ",release (update version number),,0 0 1 * *,"At 12:00 AM, on day 1 of the month",Every month,combined,"['development', 'v2', 'master']","['push', 'pull_request', 'schedule']",deploy / release
https://github.com/RailsEventStore/rails_event_store/blob/1243ed332a0da74b19fe7f8207fd2798dbff9ba3/.github/workflows/ruby_event_store-transformations_coverage.yml,1,1,TRUE,1,tests (mutate),test (mutation),,0 17 * * *,At 05:00 PM,Every day,combined,#N/A,#N/A,tests
https://github.com/feast-dev/feast/blob/86d62215f2338ea9d48c6e723e907c82cbe5500b/.github/workflows/nightly-ci.yml,1,1,TRUE,1,"build, publish (docker image), upgrade python version, tests",test (intregation),,00 08 * * *,At 08:00 AM,Every day,schedule,[],"['schedule', 'workflow_dispatch']",tests;build (docker);deploy / release (docker)
https://github.com/simgrid/simgrid/blob/b10db4dcce4205eb96447f44781f2c44a875c504/.github/workflows/ci-bigdft.yml,1,1,TRUE,1,"build, tests","test, build (jenkins)",,0 20 * * 0,"At 08:00 PM, only on Sunday",Every week,combined,"['maint/*', 'master']","['push', 'pull_request', 'schedule']",tests;build
https://github.com/OpenMage/magento-lts/blob/f34dbe301ddb3e3aceee0c3295067486efc1ade6/.github/workflows/syntax-xml.yml,?,?,FALSE,1,validate XML files,might be one since magento is digital store front so it xml should be part of it product,,0 0 * * 1,"At 12:00 AM, only on Monday",Every week,combined,[],"['workflow_dispatch', 'schedule']",linter (xml)
https://github.com/microsoft/vscode-iot-workbench/blob/5b555fa15cd97627a9f75cda5721dd4d844b5d6f/.github/workflows/close-resolved-issues.yml,0,0,TRUE,0,issues (label stale),mark/close resolved issue,,0 * * * *,Every hour,Every hour,schedule,#N/A,#N/A,mark/close stale issue
https://github.com/uploadcare/uploadcare-widget/blob/76885b92d2d67f7c080e6c9e376572f1b9a0c861/.github/workflows/codeql.yml,1,1,TRUE,1,code analysis (codeql),Code Analysis,,41 15 * * 1,"At 03:41 PM, only on Monday",Every week,combined,"['v2*', 'master']","['push', 'pull_request', 'schedule']",codeql
https://github.com/vert-x3/vertx-cassandra-client/blob/d1de4a7295b097164d2f84a65f292d6469ac4e1a/.github/workflows/ci-4.x.yml,1,1,TRUE,1,deploy (maven deploy),"test, deploy",,0 4 * * *,At 04:00 AM,Every day,schedule,['develop'],"['branch_protection_rule', 'schedule', 'push']",tests;deploy / release
https://github.com/deepjavalibrary/djl-demo/blob/8f3e558747e8d0930eeeb4ef326bcfbe46540fa6/.github/workflows/canary-model-zoo.yml,1,1,TRUE,1,tests,test,,0 9 * * *,At 09:00 AM,Every day,combined,"['v[0-9]+.[0-9]+', 'master']","['schedule', 'workflow_dispatch', 'push', 'pull_request']",tests
https://github.com/nipy/nipype/blob/5ef9fe4f9ed8b3144f3335c634a0c9282d1d49a2/.github/workflows/tests.yml,1,1,TRUE,1,"tests (pytest), deploy","test (pytest), release",,0 13 * * 1,"At 01:00 PM, only on Monday",Every week,combined,[],"['workflow_dispatch', 'schedule']",tests;deploy / release
https://github.com/simgrid/simgrid/blob/b10db4dcce4205eb96447f44781f2c44a875c504/.github/workflows/ci-starpu.yml,1,1,TRUE,1,build,build (jenkins),,0 20 * * 0,"At 08:00 PM, only on Sunday",Every week,combined,[],"['workflow_dispatch', 'schedule']",build
https://github.com/doctrine/DoctrineBundle/blob/d9be8442f9aebb266aab2bb23aaccb6dc62c7ff0/.github/workflows/test-dev-stability.yml,1,1,TRUE,1,tests (phpunit),test,,0 0 * * 0,"At 12:00 AM, only on Sunday",Every week,schedule,[],"['push', 'pull_request', 'schedule']",tests
https://github.com/LinearTapeFileSystem/ltfs/blob/f36304e66f06f53281fadbcebc35615b0419b3f0/.github/workflows/codeql-analysis.yml,1,1,TRUE,1,"code analysis (codeql), build (make)",Code Analysis,,26 12 * * 0,"At 12:26 PM, only on Sunday",Every week,combined,['main'],"['workflow_dispatch', 'push', 'schedule']",codeql
https://github.com/ical4j/ical4j/blob/7295f036de400aa39b46d19f0a339ed0fa39c3a5/.github/workflows/scorecards.yml,1,1,TRUE,1,"code analysis (codeql, sarif)",vulnerability,,36 1 * * 3,"At 01:36 AM, only on Wednesday",Every week,combined,['main'],"['workflow_dispatch', 'pull_request', 'push', 'schedule']",security/vulnerability check
https://github.com/moby/buildkit/blob/89bbb62a1e295391fd55fccc1f86f479de064de1/.github/workflows/buildkit.yml,1,1,TRUE,1,"build, tests (integration)",test,,0 10 * * *,At 10:00 AM,Every day,combined,['build_ci_docker_image*'],"['push', 'repository_dispatch', 'workflow_call', 'schedule']",tests
https://github.com/tw-in-js/twind/blob/47ab7ad320999bf2a38aae86b4222b45f5cddfb5/.github/workflows/generate-sponsors.yml,?,0,FALSE,0,picture generation (code generation?),update sponsors images,,3 4 */5 * *,"At 04:03 AM, every 5 days",every 5 days,combined,['master'],"['push', 'pull_request', 'schedule']",Update within github
https://github.com/getsentry/self-hosted/blob/f3a1ba142ade309488bd7d7d6a02d89a836aa504/.github/workflows/release.yml,1,1,TRUE,1,release (sentry),deploy,,0 18 15 * *,"At 06:00 PM, on day 15 of the month",Every month,combined,['master'],"['push', 'pull_request', 'schedule']",deploy / release
https://github.com/janfreyberg/superintendent/blob/09caeb97be556929cf717104d3cc6b9b078f9f39/.github/workflows/test.yml,1,1,TRUE,1,"tests (pytest, coverall)",test,,0 15 * * 5,"At 03:00 PM, only on Friday",Every week,combined,['main'],"['push', 'pull_request', 'schedule']",tests
https://github.com/sarisia/actions-readme-feed/blob/3c32a35ea48873b17dca40e4146bf6bfe36ba0d7/.github/workflows/update-devcontainer.yml,1,1,TRUE,1,update devcontainer image (code generation?),test?,,30 2 * * 3,"At 02:30 AM, only on Wednesday",Every week,combined,[],"['workflow_dispatch', 'repository_dispatch', 'push', 'pull_request', 'schedule']",update devcontainer
https://github.com/npm/ignore-walk/blob/d2213d50c15ddeae51c9abcb929a64b546c2ee30/.github/workflows/ci.yml,1,1,TRUE,1,"lint, tests, ",test,,0 9 * * 1,"At 09:00 AM, only on Monday",Every week,combined,[],"['workflow_dispatch', 'schedule']",tests;linter
https://github.com/huggingface/transformers/blob/f40b87de0ca234df61f76928956c4a2118c0b548/.github/workflows/build-docker-images.yml,1,1,TRUE,1,"build (docker image), publish (docker image)","build, release",,17 0 * * *,At 12:17 AM,Every day,combined,"['!dependabot/**', 'main']","['push', 'pull_request', 'schedule', 'workflow_dispatch']",build (docker);deploy / release (docker)
https://github.com/stevehansen/csv/blob/f626544191e79789de23b8086539410fac749219/.github/workflows/codeql-analysis.yml,1,1,TRUE,1,code analysis (codeql),Code Analysis,,0 3 * * 6,"At 03:00 AM, only on Saturday",Every week,combined,[],"['push', 'pull_request', 'schedule']",codeql
https://github.com/andrew-gresyk/HFSM2/blob/534a17a80871b93d9f4ac4b8208ae20823bf7696/.github/workflows/flawfinder-analysis.yml,1,1,TRUE,1,vulnerabilities scan,vulnerbility,,21 21 * * 6,"At 09:21 PM, only on Saturday",Every week,combined,[],"['push', 'pull_request', 'schedule']",security/vulnerability check
https://github.com/willnorris/imageproxy/blob/ef50c1f9a64eec710fb48fb85a7246d9ea7a7c02/.github/workflows/codeql-analysis.yml,1,1,TRUE,1,code analysis (codeql),Code Analysis,,0 1 * * 6,"At 01:00 AM, only on Saturday",Every week,combined,#N/A,#N/A,codeql
https://github.com/RailsEventStore/rails_event_store/blob/1243ed332a0da74b19fe7f8207fd2798dbff9ba3/.github/workflows/ruby_event_store-sidekiq_scheduler_coverage.yml,1,1,TRUE,1,tests (mutate),test (mutation),,0 17 * * *,At 05:00 PM,Every day,combined,['master'],"['push', 'pull_request', 'schedule']",tests
https://github.com/lrusnac/hn-notifier/blob/60c61f995c9f0ac1bed3d8868419355a5e80686b/.github/workflows/mail.yaml,0,0,TRUE,0,mail stories,send email,,58 9 * * *,At 09:58 AM,Every day,combined,['master'],"['push', 'schedule']",send email
https://github.com/twbs/stylelint-config-twbs-bootstrap/blob/55348e06ef5e2747b8330ed41973a3c5fa5ec110/.github/workflows/codeql.yml,1,1,TRUE,1,code analysis (codeql),Code Analysis,,0 0 * * 0,"At 12:00 AM, only on Sunday",Every week,combined,#N/A,#N/A,codeql
https://github.com/springload/wagtailembedder/blob/50f04b8342ef30cb23897c0b7a2d1270c499a59d/.github/workflows/codeql-analysis.yml,1,1,TRUE,1,code analysis (codeql),Code Analysis,,0 11 * * 1,"At 11:00 AM, only on Monday",Every week,combined,['master'],"['push', 'pull_request', 'schedule']",codeql
https://github.com/oschwald/maxminddb-golang/blob/8fd8fb7403a67495ca3e3064614b8a40fc8181da/.github/workflows/codeql-analysis.yml,1,1,TRUE,1,code analysis (codeql),Code Analysis,,0 13 * * 4,"At 01:00 PM, only on Thursday",Every week,combined,[],"['push', 'schedule']",codeql
https://github.com/corda/corda/blob/3abb218bcab341515cbb216532445ed1a5de388a/.github/workflows/jira_assign_issue.yml,0,0,TRUE,0,jira tickets,sync jira issue,,15 * * * *,At 15 minutes past the hour,Other,schedule,"['release/**', 'master']","['push', 'pull_request', 'schedule']",jira
https://github.com/zehome/MLVPN/blob/b934d4953d480cbbd43128d01150b829fa8839df/.github/workflows/codeql-analysis.yml,1,1,TRUE,1,code analysis (codeql),Code Analysis,,0 22 * * 6,"At 10:00 PM, only on Saturday",Every week,combined,[],"['schedule', 'workflow_dispatch']",codeql
https://github.com/jonrau1/ElectricEye/blob/5156da4b9fe0a66dda3e236a4090ba2cf737c6a5/.github/workflows/codeql-analysis.yml,1,1,TRUE,1,code analysis (codeql),Code Analysis,,0 0 * * 3,"At 12:00 AM, only on Wednesday",Every week,combined,['run_scheduled_ci*'],"['repository_dispatch', 'schedule', 'push']",codeql
https://github.com/sous-chefs/openvpn/blob/0c4fd1f3b446fe1ad74e080c4d012f2ad4699c82/.github/workflows/stale.yml,0,0,TRUE,0,"issues (label stale), pull request (label stale)",mark stale issues,,0 0 * * *,At 12:00 AM,Every day,schedule,[],"['workflow_dispatch', 'repository_dispatch', 'push', 'pull_request', 'schedule']",mark/close stale issue
https://github.com/nextcloud/ocsms/blob/08ff1113a66f199e29ecbf46fb2c6ee22e701db9/.github/workflows/codeql-analysis.yml,1,1,TRUE,1,code analysis (codeql),Code Analysis,,20 1 * * 4,"At 01:20 AM, only on Thursday",Every week,combined,"['dev', 'master']","['release', 'push', 'pull_request', 'schedule', 'workflow_dispatch']",codeql
https://github.com/wang-bin/avbuild/blob/9dc17ad414705f2dda39f25a8850b17084fe8055/.github/workflows/build.yml,1,1,TRUE,1,build,"build, deploy",,0 12 * * 0,"At 12:00 PM, only on Sunday",Every week,combined,[],"['schedule', 'workflow_call', 'workflow_dispatch']",build
https://github.com/getsentry/self-hosted/blob/f3a1ba142ade309488bd7d7d6a02d89a836aa504/.github/workflows/test.yml,1,1,TRUE,1,tests,test,,"0 0,12 * * *",At 12:00 AM and 12:00 PM,Every day,combined,['main'],"['push', 'pull_request', 'schedule']",tests
https://github.com/phparkitect/arkitect/blob/80f42bd8d1b1450c3f79589c5e1e374fffddb085/.github/workflows/update-contributors.yml,0,0,TRUE,0,update contributors,update contributors file,,0 12 * * 0,"At 12:00 PM, only on Sunday",Every week,combined,['master'],"['push', 'pull_request', 'schedule']",Update within github
https://github.com/huggingface/transformers/blob/f40b87de0ca234df61f76928956c4a2118c0b548/.github/workflows/self-scheduled.yml,1,1,TRUE,1,"tests, send slack message",test,,17 2 * * *,At 02:17 AM,Every day,combined,['master'],"['push', 'pull_request', 'schedule']",tests;send slack message (can be CI if it is report)
https://github.com/RailsEventStore/rails_event_store/blob/1243ed332a0da74b19fe7f8207fd2798dbff9ba3/.github/workflows/ruby_event_store_coverage.yml,1,1,TRUE,1,tests (mutate),test (mutation),,0 17 * * *,At 05:00 PM,Every day,combined,"['release/*', 'main']","['push', 'pull_request', 'schedule']",tests
https://github.com/R1j1t/contextualSpellCheck/blob/dfca557a71df7b1b93cdbd0dbb5ed29efb0b4e87/.github/workflows/codeql-analysis.yml,1,1,TRUE,1,code analysis (codeql),Code Analysis,,38 6 * * 1,"At 06:38 AM, only on Monday",Every week,combined,[],"['workflow_dispatch', 'repository_dispatch', 'push', 'pull_request', 'schedule']",codeql
https://github.com/OpenMage/magento-lts/blob/f34dbe301ddb3e3aceee0c3295067486efc1ade6/.github/workflows/syntax-php.yml,1,1,TRUE,1,linter,test,,0 0 * * 1,"At 12:00 AM, only on Monday",Every week,combined,#N/A,#N/A,linter
https://github.com/actions/checkout/blob/b4ffde65f46336ab88eb53be808477a3936bae11/.github/workflows/codeql-analysis.yml,1,1,TRUE,1,"code analysis (codeql), build",Code Analysis,,28 9 * * 0,"At 09:28 AM, only on Sunday",Every week,combined,[],"['push', 'pull_request', 'schedule']",codeql
https://github.com/yzhao062/pyod/blob/e0f2981fe85c0cb6f96f2323843a7f5eb4ab527b/.github/workflows/codeql.yml,1,1,TRUE,1,code analysis (codeql),Code Analysis,,35 9 * * 0,"At 09:35 AM, only on Sunday",Every week,combined,['master'],"['push', 'pull_request', 'schedule']",codeql
https://github.com/json-parser/json-parser/blob/94f66d8f83c1d84ccccd7540ec2f51cf8325d272/.github/workflows/codeql-analysis.yml,1,1,TRUE,1,code analysis (codeql),Code Analysis,,31 17 * * 4,"At 05:31 PM, only on Thursday",Every week,combined,['master'],"['push', 'pull_request', 'schedule']",codeql
https://github.com/helmwave/helmwave/blob/2e9d12f431f0e5690cd61582d7718fd56bd6fa95/.github/workflows/hadolint.yml,1,1,TRUE,1,linter,test (Dockerfile),,37 1 * * 4,"At 01:37 AM, only on Thursday",Every week,combined,['main'],"['push', 'pull_request', 'schedule']",linter
https://github.com/RailsEventStore/rails_event_store/blob/1243ed332a0da74b19fe7f8207fd2798dbff9ba3/.github/workflows/ruby_event_store-protobuf_coverage.yml,1,1,TRUE,1,tests (mutate),test (mutation),,0 17 * * *,At 05:00 PM,Every day,combined,['main'],"['push', 'pull_request', 'schedule']",tests
https://github.com/huggingface/transformers/blob/f40b87de0ca234df61f76928956c4a2118c0b548/.github/workflows/self-scheduled-amd-caller.yml,0,0,TRUE,0,just echo ?,empty file,,17 2 * * *,At 02:17 AM,Every day,schedule,[],"['workflow_dispatch', 'schedule']","other (empty file, ignore it, weird case)"
https://github.com/martinpitt/umockdev/blob/6a1d57a80a511c8a6cc8a0756673d4f5f0f53146/.github/workflows/tests.yml,1,1,TRUE,1,tests,test,,"0 4 * * MON,FRI","At 04:00 AM, only on Monday and Friday",2 times a week,combined,[],"['issues', 'schedule']",tests
https://github.com/komamitsu/fluency/blob/c890e6d30eec7a15621f6998962f7f7eea19ae44/.github/workflows/codeql-analysis.yml,1,1,TRUE,1,code analysis (codeql),Code Analysis,,44 0 * * 2,"At 12:44 AM, only on Tuesday",Every week,combined,"['develop', 'main']","['push', 'pull_request', 'schedule']",codeql
https://github.com/MichaReiser/llvm-node/blob/bb1de20f1776c5f3cb9293dd3ef984e698ad2274/.github/workflows/ci.yaml,1,1,TRUE,1,"tests (coverage), build","build, test (coverage)",,0 1 * * *,At 01:00 AM,Every day,combined,[],"['schedule', 'workflow_dispatch']",tests;build
https://github.com/netty/netty-tcnative/blob/138c45b8579e69124d0498e32c35be8368146889/.github/workflows/codeql-analysis.yml,1,1,TRUE,1,"code analysis (codeql), build",Code Analysis,,0 19 * * 5,"At 07:00 PM, only on Friday",Every week,combined,[],"['schedule', 'workflow_dispatch']",codeql
https://github.com/securingsincity/react-ace/blob/5e2290f716fa965ba70889cc94b4221ac93334ac/.github/workflows/codeql-analysis.yml,1,1,TRUE,1,code analysis (codeql),Code Analysis,,0 17 * * 3,"At 05:00 PM, only on Wednesday",Every week,combined,['master'],"['push', 'pull_request', 'schedule']",codeql
https://github.com/npm/ignore-walk/blob/d2213d50c15ddeae51c9abcb929a64b546c2ee30/.github/workflows/audit.yml,1,1,TRUE,1,security scannig (npm-audit),vulnerbility,,0 8 * * 1,"At 08:00 AM, only on Monday",Every week,combined,['dev'],"['push', 'pull_request', 'schedule']",security/vulnerability check
https://github.com/Sunoo/homebridge-camera-ffmpeg/blob/dfbf2cb10e772ed815aaf0843850b841bf1ded2a/.github/workflows/stale.yml,0,0,TRUE,0,issues (label stale),mark stale issue/PRs,,*/60 * * * *,Every 60 minutes,Every 60 minutes,combined,['main'],"['push', 'schedule', 'workflow_dispatch']",mark/close stale issue;mark/close stale pr
https://github.com/rbanffy/3270font/blob/9aec667cb514472d37bf5fa202259c29fa587dc5/.github/workflows/codacy-analysis.yml,1,1,TRUE,1,security scannig (codacy),Code Analysis (techdebt),,38 13 * * 2,"At 01:38 PM, only on Tuesday",Every week,combined,['master'],"['push', 'pull_request', 'schedule']",security/vulnerability check
https://github.com/cdk8s-team/cdk8s/blob/c350c79b8f172ed98f2c289311c3500600214ee7/.github/workflows/security.yml,1,1,TRUE,1,security scannig (dependency),vulnerbility?,,0 0 * * *,At 12:00 AM,Every day,combined,['master'],"['push', 'pull_request', 'schedule']",security/vulnerability check
https://github.com/Azure/azure-resource-manager-schemas/blob/5f9f6f243e4bfcf5ba8cc7347f1f2cc973dde460/.github/workflows/generate-schemas.yml,1,1,TRUE,1,code generation (schema updates),Doc generate schema,,"45 5 * * TUE,THU","At 05:45 AM, only on Tuesday and Thursday",2 times a week,combined,['main'],"['push', 'schedule', 'workflow_dispatch']",file update / generate
https://github.com/hmlendea/gfn-electron/blob/22f09decd5e9c4a6e68c0622f0357f3417ac2464/.github/workflows/codeql-analysis.yml,1,1,TRUE,1,code analysis (codeql),Code Analysis,,40 13 * * 5,"At 01:40 PM, only on Friday",Every week,combined,[],"['workflow_dispatch', 'schedule']",codeql
https://github.com/kobra-dev/Kobra/blob/7e3b2f67e3624a1b1c9cc2e862c1d2540cb561fe/.github/workflows/codeql-analysis.yml,1,1,TRUE,1,code analysis (codeql),Code Analysis,,32 0 * * 3,"At 12:32 AM, only on Wednesday",Every week,combined,#N/A,#N/A,codeql
https://github.com/netty/netty-tcnative/blob/138c45b8579e69124d0498e32c35be8368146889/.github/workflows/ci-deploy.yml,1,1,TRUE,1,"build, deploy ","build, deploy",,30 3 * * 1,"At 03:30 AM, only on Monday",Every week,combined,['master'],"['push', 'pull_request', 'schedule']",build (docker)
https://github.com/vert-x3/vertx-cassandra-client/blob/d1de4a7295b097164d2f84a65f292d6469ac4e1a/.github/workflows/ci-5.x.yml,1,1,TRUE,1,deploy (maven),"test, deploy",,0 5 * * *,At 05:00 AM,Every day,combined,['master'],"['push', 'schedule']",deploy / release
https://github.com/rednafi/fastapi-nano/blob/c024d84194fd0437749015b186369ae54a147359/.github/workflows/build.yml,1,1,TRUE,1,"build (docker), tests (docker)",build,,5 8 * * 0,"At 08:05 AM, only on Sunday",Every week,combined,"['run_nightly_ci*', 'run_past_ci*']","['schedule', 'push']",tests
https://github.com/netty/netty-tcnative/blob/138c45b8579e69124d0498e32c35be8368146889/.github/workflows/ci-build.yml,1,1,TRUE,1,build (docker),build,,30 3 * * 1,"At 03:30 AM, only on Monday",Every week,combined,#N/A,#N/A,build (docker)
https://github.com/micro-ROS/micro_ros_arduino/blob/7fa831c4b435f898e77a4cdbb472396eb94880c3/.github/workflows/library_generation.yml,1,1,TRUE,1,library update,Update dependency,,0 6 * * *,At 06:00 AM,Every day,combined,['master'],"['push', 'pull_request', 'schedule']",upgrade/install dependency
https://github.com/pallets/flask/blob/4df377cfbfc1d15e962a61c18920b22aebc9aa41/.github/workflows/lock.yaml,0,0,TRUE,0,"locks closed issues, pull requests",lock issue/PRs,,0 0 * * *,At 12:00 AM,Every day,schedule,"['maint/*', 'master']","['push', 'pull_request', 'schedule', 'workflow_dispatch']",mark/close stale issue;mark/close stale pr
https://github.com/miekg/dns/blob/21ba49c291a44bd348308dbd01de337dcf0ab7f0/.github/workflows/codeql-analysis.yml,1,1,TRUE,1,code analysis (codeql),Code Analysis,,0 23 * * 5,"At 11:00 PM, only on Friday",Every week,combined,['master'],"['push', 'pull_request', 'schedule']",codeql
https://github.com/webpro/dotfiles/blob/01f9e311d1dc8ea39439a5cdcf7ed3d36cd553da/.github/workflows/markdown-link-checker.yml,?,0,FALSE,0,check links (markdown),update link,,0 3 * * 2,"At 03:00 AM, only on Tuesday",Every week,combined,['!dependabot/**'],"['push', 'pull_request', 'merge_group', 'schedule']",check links
https://github.com/huggingface/transformers/blob/f40b87de0ca234df61f76928956c4a2118c0b548/.github/workflows/self-nightly-past-ci-caller.yml,1,1,TRUE,1,"build (docker), tests",test,,"17 2 * * 0,4","At 02:17 AM, only on Sunday and Thursday",2 times a week,combined,['master'],"['push', 'pull_request', 'schedule']",tests
https://github.com/virt-manager/virt-manager/blob/4e2bec5b1410649232165fa33091a6ed9b9b48d9/.github/workflows/translations.yml,1,?,FALSE,0,code generation?,update different branch (deploy?),,0 6 */2 * *,"At 06:00 AM, every 2 days",every 2 days,schedule,['master'],"['push', 'pull_request', 'schedule']",Update within github
https://github.com/digiteinfotech/kairon/blob/91775c1ef2768ace5aa2bcb997db7a88001b4bb0/.github/workflows/codeql-analysis.yml,1,1,TRUE,1,code analysis (codeql),Code Analysis,,36 5 * * 3,"At 05:36 AM, only on Wednesday",Every week,combined,['master'],"['push', 'schedule']",codeql
https://github.com/nipy/nibabel/blob/5d884bda234a22ce7035997c090449851a82c0be/.github/workflows/test.yml,1,1,TRUE,1,tests(pytest),"test, deploy",,0 0 * * 1,"At 12:00 AM, only on Monday",Every week,combined,['main'],"['push', 'pull_request', 'schedule']",tests
https://github.com/thought-machine/please/blob/bd59db99a6165f8d044386562e2ebbec787939ca/.github/workflows/codeql-analysis.yml,1,1,TRUE,1,code analysis (codeql),Code Analysis,,0 21 * * 2,"At 09:00 PM, only on Tuesday",Every week,combined,#N/A,#N/A,codeql
https://github.com/spockframework/spock/blob/0b5c4b5a1f870ee253ba620623222182ebed19f9/.github/workflows/codeql-analysis.yml,1,1,TRUE,1,code analysis (codeql),Code Analysis,,0 15 * * 2,"At 03:00 PM, only on Tuesday",Every week,combined,[],"['schedule', 'workflow_dispatch']",codeql
https://github.com/unosquare/embedio/blob/2305190014d63f86ca036da85e426714d1e667f8/.github/workflows/codeql.yml,1,1,TRUE,1,code analysis (codeql),Code Analysis,,35 21 * * 4,"At 09:35 PM, only on Thursday",Every week,combined,['main'],"['schedule', 'workflow_dispatch', 'push', 'pull_request']",codeql
https://github.com/letseeqiji/gorobbs/blob/daddb769ae78bc924966acf3687653c84c2b07f3/.github/workflows/codeql-analysis.yml,1,1,TRUE,1,code analysis (codeql),Code Analysis,,30 7 * * 5,"At 07:30 AM, only on Friday",Every week,combined,#N/A,#N/A,codeql
https://github.com/TarsCloud/TarsFramework/blob/25cbc476e47c0eced49c57cfc65b32b42b988d4c/.github/workflows/nightly-build-tars.yml,1,1,TRUE,1,build (docker),build,,0 23 * * *,At 11:00 PM,Every day,combined,['main'],"['push', 'pull_request', 'schedule']",build (docker)
https://github.com/okuramasafumi/alba/blob/79c68bac50fe21f48774355a5d0324867ce5325d/.github/workflows/codeql-analysis.yml,1,1,TRUE,1,code analysis (codeql),Code Analysis,,21 4 * * 5,"At 04:21 AM, only on Friday",Every week,combined,['main'],"['push', 'pull_request', 'schedule', 'workflow_dispatch']",codeql
https://github.com/microsoft/vscode-iot-workbench/blob/5b555fa15cd97627a9f75cda5721dd4d844b5d6f/.github/workflows/stale-issues.yml,0,0,TRUE,0,"issues (mark stale, close stale)",mark stale issues,,0 * * * *,Every hour,Every hour,schedule,['test-me-*'],"['push', 'schedule']",mark/close stale issue
https://github.com/Yleisradio/homebrew-terraforms/blob/b1bae7565ee5a733a16c4393dc4be2be52acf630/.github/workflows/add-new-casks.yml,1,?,FALSE,0,code generation,release?,,20 4 * * *,At 04:20 AM,Every day,combined,[],"['schedule', 'workflow_call', 'workflow_dispatch']",pull outside information
https://github.com/pytorch/text/blob/2c5e344acb2b77b702b4ce59dde47288c5de3c03/.github/workflows/validate-nightly-binaries.yml,1,1,TRUE,1,tests (smoke),"validate file, test (smoke)",,30 17 * * *,At 05:30 PM,Every day,combined,['master'],"['push', 'pull_request', 'schedule']",tests
https://github.com/brndnmtthws/conky/blob/0af1939caf59f42c826ef3eb5d8779c0fbbace2f/.github/workflows/stale.yml,0,0,TRUE,0,"issues (close stale), pr (close stale)",mark stale issue/PRs,,30 1 * * *,At 01:30 AM,Every day,schedule,['main'],"['push', 'pull_request', 'schedule']",mark/close stale issue;mark/close stale pr
https://github.com/Bedrock-Layouts/Bedrock/blob/b530faa1c72100d46334be2dd709a5fdf420d058/.github/workflows/codeql-analysis.yml,1,1,TRUE,1,code analysis (codeql),Code Analysis,,42 14 * * 3,"At 02:42 PM, only on Wednesday",Every week,combined,"['v[0-9]+.[0-9]+', 'master']","['schedule', 'workflow_dispatch', 'push', 'pull_request']",codeql
https://github.com/squat/kilo/blob/37f4ea52dc54563b3ec8ff69b4d322022ef9ba12/.github/workflows/ci.yml,1,1,TRUE,1,build (make),"build, release",,0 0 * * *,At 12:00 AM,Every day,combined,['master'],"['push', 'pull_request', 'schedule']",build
https://github.com/kornia/kornia/blob/ce434e467faf617604bb3383cf78cd0b79f59dbd/.github/workflows/scheduled_test_nightly.yml,1,1,TRUE,1,tests (coverage),test,,0 4 * * *,At 04:00 AM,Every day,combined,"['develop', '!dependabot/**', 'master']","['push', 'pull_request', 'schedule']",tests
https://github.com/OpenMage/magento-lts/blob/f34dbe301ddb3e3aceee0c3295067486efc1ade6/.github/workflows/phpunit.yml,1,1,TRUE,1,tests (unit),test,,0 0 * * 1,"At 12:00 AM, only on Monday",Every week,combined,['main'],"['push', 'pull_request', 'schedule']",tests
https://github.com/react-component/util/blob/1459445d64ab6d481187bf1f8735827dd77db2c4/.github/workflows/codeql.yml,1,1,TRUE,1,code analysis (codeql),Code Analysis,,4 6 * * 0,"At 06:04 AM, only on Sunday",Every week,combined,['master'],"['push', 'pull_request', 'schedule']",codeql
https://github.com/npm/ignore-walk/blob/d2213d50c15ddeae51c9abcb929a64b546c2ee30/.github/workflows/codeql-analysis.yml,1,1,TRUE,1,code analysis (codeql),Code Analysis,,0 10 * * 1,"At 10:00 AM, only on Monday",Every week,combined,[],"['workflow_dispatch', 'repository_dispatch', 'push', 'pull_request', 'schedule']",codeql
https://github.com/moby/buildkit/blob/89bbb62a1e295391fd55fccc1f86f479de064de1/.github/workflows/test-os.yml,1,1,TRUE,1,"tests, build",test (smoke),,0 10 * * *,At 10:00 AM,Every day,combined,[],"['schedule', 'workflow_dispatch']",tests
https://github.com/mangstadt/ez-vcard/blob/d08a011b951165359185064bda5dc18e951d20f6/.github/workflows/codeql-analysis.yml,1,1,TRUE,1,code analysis (codeql),Code Analysis,,0 20 * * 2,"At 08:00 PM, only on Tuesday",Every week,combined,['main'],"['create', 'push', 'pull_request', 'release', 'schedule']",codeql
https://github.com/jsdelivr/bootstrapcdn/blob/80a1bb0dff79c7abbd1203be9d394ef3be37a0c1/.github/workflows/codeql.yml,1,1,TRUE,1,code analysis (codeql),Code Analysis,,0 0 * * 0,"At 12:00 AM, only on Sunday",Every week,combined,"['release*', 'main']","['push', 'schedule']",codeql
https://github.com/zhiqwang/yolov5-rt-stack/blob/846334816de2580f254ff9ad8d9f17599d0f319e/.github/workflows/codeql-analysis.yml,1,1,TRUE,1,code analysis (codeql),Code Analysis,,38 5 * * 1,"At 05:38 AM, only on Monday",Every week,combined,[],"['workflow_dispatch', 'schedule']",codeql
https://github.com/RediSearch/redisearch-py/blob/6c2a1eca876ac5f9fe8bb2cb8c7756d77f407576/.github/workflows/codeql-analysis.yml,1,1,TRUE,1,code analysis (codeql),Code Analysis,,26 20 * * 3,"At 08:26 PM, only on Wednesday",Every week,combined,['devel'],"['push', 'pull_request', 'schedule']",codeql
https://github.com/RailsEventStore/rails_event_store/blob/1243ed332a0da74b19fe7f8207fd2798dbff9ba3/.github/workflows/rails_event_store_coverage.yml,1,1,TRUE,1,tests (mutate),test (mutation),,0 17 * * *,At 05:00 PM,Every day,combined,#N/A,#N/A,tests
https://github.com/getsentry/self-hosted/blob/f3a1ba142ade309488bd7d7d6a02d89a836aa504/.github/workflows/lock.yml,0,0,TRUE,0,"issues (close stale), pr (close stale)",lock issue/PRs,,11 3 * * *,At 03:11 AM,Every day,combined,['main'],"['push', 'pull_request', 'schedule']",mark/close stale issue;mark/close stale pr
https://github.com/ansible-community/molecule-vagrant/blob/353b7e38d8da7605b9b93c57a3fa2c089d3821d2/.github/workflows/tox.yml,1,1,TRUE,1,tests,test,,1 0 * * *,At 12:01 AM,Every day,combined,[],"['push', 'schedule']",tests
https://github.com/helmwave/helmwave/blob/2e9d12f431f0e5690cd61582d7718fd56bd6fa95/.github/workflows/codeql.yml,1,1,TRUE,1,code analysis (codeql),Code Analysis,,31 10 * * 5,"At 10:31 AM, only on Friday",Every week,combined,['doctest*'],"['push', 'repository_dispatch', 'schedule']",codeql
https://github.com/cdk8s-team/cdk8s/blob/c350c79b8f172ed98f2c289311c3500600214ee7/.github/workflows/upgrade-dev-dependencies.yml,1,1,TRUE,1,upgrade dev dependencies,Upgrade dependency,,0 9 * * *,At 09:00 AM,Every day,combined,['master'],"['push', 'pull_request', 'schedule']",upgrade/install dependency
https://github.com/grindsa/dkb-robo/blob/407f6790e935a8d729caea8046d311860b0aed06/.github/workflows/markdown_check.yml,?,0,FALSE,0,check links (markdown),update link,,0 2 * * 6,"At 02:00 AM, only on Saturday",Every week,combined,[],"['schedule', 'issues', 'issue_comment', 'workflow_dispatch']",check links
https://github.com/microsoft/vscode-iot-workbench/blob/5b555fa15cd97627a9f75cda5721dd4d844b5d6f/.github/workflows/need-attention-issues.yml,0,0,TRUE,0,issues (close stale),mark issue,,0 * * * *,Every hour,Every hour,schedule,['master'],"['push', 'pull_request', 'schedule']",mark/close stale issue
https://github.com/sapphiredev/framework/blob/15eb6f72b5f7ac9d1e41ae371eaa92d38fe19320/.github/workflows/codeql-analysis.yml,1,1,TRUE,1,code analysis (codeql),Code Analysis,,30 1 * * 0,"At 01:30 AM, only on Sunday",Every week,combined,#N/A,#N/A,codeql
https://github.com/webpro/dotfiles/blob/01f9e311d1dc8ea39439a5cdcf7ed3d36cd553da/.github/workflows/dotfiles-installation.yml,1,1,TRUE,1,tests (make),test,,0 17 * * 4,"At 05:00 PM, only on Thursday",Every week,combined,['master'],"['push', 'pull_request', 'schedule']",tests
https://github.com/huggingface/transformers/blob/f40b87de0ca234df61f76928956c4a2118c0b548/.github/workflows/doctests.yml,1,1,TRUE,1,tests,test,,17 2 * * *,At 02:17 AM,Every day,combined,#N/A,#N/A,tests
https://github.com/mitchellkrogza/apache-ultimate-bad-bot-blocker/blob/594bbfb9d32abf40fa3363487dad5006aecd14bd/.github/workflows/build.yml,1,1,TRUE,1,tests,test,,0 10 * * *,At 10:00 AM,Every day,combined,['master'],"['push', 'pull_request', 'schedule']",tests
https://github.com/software-mansion/react-native-gesture-handler/blob/a30f42f3fe5f08e9746864a7e6f7a15d15936a0f/.github/workflows/close-when-stale.yml,0,0,TRUE,0,issues (close stale),mark / close stale issue?,,37 21 * * *,At 09:37 PM,Every day,combined,[],"['push', 'pull_request', 'schedule']",mark/close stale issue
https://github.com/phenomnomnominal/betterer/blob/6509f95ef736977c109e09ea5f539789cb5aaf46/.github/workflows/codeql-analysis.yml,1,1,TRUE,1,code analysis (codeql),Code Analysis,,36 22 * * 3,"At 10:36 PM, only on Wednesday",Every week,combined,['master'],"['push', 'pull_request', 'schedule']",codeql
https://github.com/michaelhenry/ImageViewer.swift/blob/ddaf9cc37e6261a2068d8c16187b8e31913bbae6/.github/workflows/stale.yml,0,0,TRUE,0,"issues (mark stale), pr (mark stale)",mark stale issue/PRs,,0 0 * * *,At 12:00 AM,Every day,schedule,#N/A,#N/A,mark/close stale issue;mark/close stale pr
https://github.com/nmap/ncrack/blob/7fab46addcb99326cbf60f41dbde22a1e87aebad/.github/workflows/codeql-analysis.yml,1,1,TRUE,1,code analysis (codeql),Code Analysis,,28 4 * * 4,"At 04:28 AM, only on Thursday",Every week,combined,"['v*', 'master']","['push', 'pull_request', 'schedule']",codeql
https://github.com/Bedrock-Layouts/Bedrock/blob/b530faa1c72100d46334be2dd709a5fdf420d058/.github/workflows/stale.yml,0,0,TRUE,0,"issues (mark stale), pr (mark stale)",mark stale issue/PRs,,30 1 * * *,At 01:30 AM,Every day,schedule,[],"['workflow_dispatch', 'schedule']",mark/close stale issue;mark/close stale pr
https://github.com/schibsted/jslt/blob/2c1d6ac0f54720b37d15df79b491ee7cef9b3767/.github/workflows/codeql-analysis.yml,1,1,TRUE,1,code analysis (codeql),Code Analysis,,0 13 * * 1,"At 01:00 PM, only on Monday",Every week,combined,['master'],"['push', 'pull_request', 'schedule']",codeql
https://github.com/GAM-team/got-your-back/blob/e4796405a50ad7d8cbe367137bd19f33ce1ee571/.github/workflows/build.yml,1,1,TRUE,1,"tests, build","build, test, vulnerbility",,37 22 * * *,At 10:37 PM,Every day,combined,#N/A,#N/A,tests
https://github.com/rizwansoaib/whatsapp-monitor/blob/6929c34a2ceab5aba9a40227eeede20c45d09c88/.github/workflows/codeql-analysis.yml,1,1,TRUE,1,code analysis (codeql),Code Analysis,,32 16 * * 2,"At 04:32 PM, only on Tuesday",Every week,combined,#N/A,#N/A,codeql
https://github.com/mongodb/mongo-swift-driver/blob/1f62248482bccd5a0f67c46793828674f9057d9d/.github/workflows/close_stale_issues.yml,0,0,TRUE,0,issues (close stale),mark stale issue/PRs,,30 1 * * *,At 01:30 AM,Every day,schedule,#N/A,#N/A,mark/close stale issue;mark/close stale pr
https://github.com/Turbo87/intellij-emberjs/blob/a580e01a91bbe0a60939be36346c934f9c66b866/.github/workflows/ci.yml,1,1,TRUE,1,tests,"build, test",,0 3 * * *,At 03:00 AM,Every day,combined,#N/A,#N/A,tests
https://github.com/cdk8s-team/cdk8s/blob/c350c79b8f172ed98f2c289311c3500600214ee7/.github/workflows/bump-latest-cdk8s-plus-library.yml,1,1,TRUE,1,"tests, build","test, build, deploy",,0 18 * * 0,"At 06:00 PM, only on Sunday",Every week,combined,#N/A,#N/A,tests
https://github.com/wellyshen/react-cool-onclickoutside/blob/d00ab4a9b2f75901aa5ec52255a6a1d84398ea97/.github/workflows/codeql-analysis.yml,1,1,TRUE,1,code analysis (codeql),Code Analysis,,40 18 * * 1,"At 06:40 PM, only on Monday",Every week,combined,#N/A,#N/A,codeql